PIDN,SOC,Sand,P,pH,Ca
09gt9UK5,-0.40923195434221427,1.301931476051639,-0.18620357490386935,-1.1197884765957251,-0.5813908113352829
0BVvxJ6a,-0.06883829351069082,-1.5208575093362489,0.10389057858195544,1.0386361571535663,0.6651870904467921
0KbdgApg,0.3246381223864212,-1.0427046243336482,0.03611360377066036,0.34013429432063913,-0.21229505344287306
0MnuuduB,0.551479048985346,-0.8868359324916602,-0.23680328275055557,-0.10773843601925637,-0.2097411656402676
0PcIsF9z,0.5043832037622344,-0.38590010161547256,-0.49241675111535527,-1.8398789653991325,-0.38251616712320013
0ShTFLYJ,-0.727758102079644,0.392892354053718,-0.4038339209194089,-0.4429920348148453,-0.388159267846064
0XZh9jka,1.072467602876248,-0.9529843723707037,-0.5633806511941781,-0.5458493628914975,-0.3440618400725418
0Y7Wegri,0.1389528064180361,0.07844348058242573,0.4144341554917776,0.7041669087015425,-0.37121270096783177
0dTqplIM,0.3885204351531577,-1.0246341399605645,0.0676229991188268,0.6041655037742448,0.1038494064216445
0lNiZicC,-0.10188633303711114,0.0982543210689964,-0.3897317812207018,-1.1773613471169238,-0.5271067087762878
0rGeJ0QN,0.09703983403800365,-0.22783208015462336,0.11314541540513007,-0.5149136258344906,-0.6091266540986601
0sXI9ytQ,-0.405263668970985,1.7757435282122496,-0.0206709496330984,-0.49734064823526114,-0.4599503431545747
0ukt4aP6,-0.8891531574775051,0.3736857228378521,-0.17877472337660377,1.1226405222741296,0.652058951803823
1AGspb8f,-0.1520140259479028,-1.1124589734114598,-0.4023194428541626,-0.8590994677673034,-0.520887715598534
1Csy0gvE,-0.6641142342575783,0.7926169736639148,-0.03503149577910675,-0.020924332079014674,-0.373801126108234
1Ic2hly1,-0.01678687116624289,0.6475008241060076,0.050139203716968284,-0.31047483260506215,-0.32852981756219946
1PPbaTwt,-0.41230019611181135,0.7026330991171543,-0.017509125546451954,-0.6086348381732687,-0.3599532173314094
1SO5VJNy,-0.5375999821433304,0.47959684448287404,-0.0011544837093549476,0.15690923359868703,-0.3068976900756445
1arHxK3Y,0.28838653952447046,-0.19906312212460947,0.4214168631510677,1.6429773224341961,0.977346118813997
1fCW4Bba,-0.6852017737360363,0.8958839889288337,0.25659874540177613,-0.10534660203490875,-0.3445064251993847
1qDZNvIm,-0.8714297436490703,1.3127906273353782,-0.11112047847656298,-0.25600732897562284,-0.7220058483089963
28LYJC2V,0.478082369846323,-0.7334132874615553,0.005109677673759749,-0.9343494763027802,-0.5107721016163543
2CzACvQq,-0.49225241216710103,-0.37901570713475125,0.40554766366902756,2.0444754356998844,0.6023217802942179
2FT3crfv,0.032256201298640264,-0.7470668429874896,-0.04881671514728053,0.29621722502513603,-0.2598559332093521
2Fy2uHVg,-0.7858085074590342,-0.4074964966370335,-0.06608318838244825,-0.7031635292981473,-0.7229525330174204
2MkMEApm,-0.6731866288548751,1.4095190541810079,0.13843833206213846,0.13520761264310477,-0.3458863838864238
2NDGWEOe,-0.6715504738397264,-0.2856203133923391,0.3548429616998749,1.5525204278464362,0.9627969055429583
2NyyCiqn,-0.6578747776841389,0.624360983297809,0.04899158196302439,0.019411766349482606,-0.37041712489941914
2QRzIb84,-0.566850139372729,0.2761276726138003,0.4766201186007368,1.6768706320414613,0.3830002639681277
2QcbdrUZ,-0.518108512618948,0.5617689596484505,-0.09057127820120853,-0.028479832589094256,-0.611314942930918
2YgAimWK,-0.6103082269071471,1.1575224077908823,0.04299195121369509,0.13288356486593966,-0.3373351399823298
2cx85d9H,0.3952219476484409,-1.2784318886503134,-0.14759944176831935,0.27986851496477994,-0.010497796277164767
2homMXMV,0.4352997436108019,0.550804854748183,-0.04455762280373504,-1.7752695724607956,-0.4666755197934128
2ldLrUtq,-0.5508464935035242,-0.48366031033074436,-0.2829619960525758,-0.11333892257477873,-0.5161530623970668
2nsACW6G,1.1929426053511527,-1.4005875854608367,-0.36080454486251595,-1.0921884467819136,-0.2968781149049994
2yMbVnWc,2.3149896918757698,0.8759423931122436,0.6430108086985786,-1.610662754541475,-0.7551163067989967
36r8sgGQ,-0.7977654027772694,0.4885802312822743,-0.17956268670674375,-0.21263132398878315,-0.34651398557800006
3NXAXCl3,0.5258661287368689,-1.2119878479665223,-0.5171903432524356,-0.6596074475251708,-0.5038935117834319
3QG0z6fl,-0.2618427043878562,0.7664971237137232,-0.05712716354470443,-1.1730341549992527,-0.5696987664262144
3WS8R9qm,2.0905430345408043,-1.5315527086931089,-0.4849281815704796,-0.44375677790783175,-0.09627191180676734
3fRLm8f5,0.27068271272763766,-0.009809715466328306,-0.26622429498821815,-1.025041820165664,-0.24620972531580834
3mZhp1nQ,-0.44085788120288427,0.5549797605850453,-0.28223941949819503,-0.1418491035781908,-0.49121329481114684
3pikJXRL,0.6431872795408147,-1.3450766165164187,-0.5616033658743742,-0.730950161230633,-0.5534227113137297
3pxOEGHL,-0.7827940493011845,0.5928788709457857,-0.1188571069703937,-0.4545302047052455,-0.487199159413891
3ttdV3f5,-0.21856127927709323,-0.387602473368499,0.3667181536713872,-0.5763167098103377,-0.5769675400520248
3v4X6Mfe,-0.8361641978897403,-0.07924027617618962,-0.24058369550313158,1.2748007926497185,1.1032863220573141
3wORuPiv,-0.435565529190864,-0.76321325872723,-0.221756966174338,-0.624685955309199,-0.6096320050380802
43EfrxZj,0.3250471502085368,-0.3971351053791314,-0.09463625982222196,0.008753488508479679,0.1879747702230213
457Vwm21,0.7907392468025485,-0.8029776365882773,0.3659787939304681,0.7831389299789653,0.13775730513928805
46KNnOdx,-0.36119257486894796,-0.2717114780683933,-0.04927546166369551,-0.8901489734817669,-0.5617823393947822
47TwNsVC,1.362850358550748,-1.4172307920752265,-0.6468483873877755,-1.0862762197512648,-0.49971207680870633
49856RpO,-0.5013111116879934,-1.0057438569428105,-0.5446603411619559,-0.8410632958496744,-0.4440924045805025
4Ane1o2N,-0.4980529325823788,0.13841287595719037,-0.1936463305878658,-0.23450472821384483,-0.3277790566933311
4AyVUgSc,-0.31476935004958406,-0.024576909751342135,-0.27505235744162176,-0.5267669060943472,-0.4863488671251309
4B1951On,0.020558796330295337,0.17193630562778522,-0.13598160437460477,-0.08991071616976387,-0.03507371845468357
4OL39Teo,0.32843735897653303,-0.16993401014692794,0.08458295043645764,0.14603124888451657,0.1488745736025828
4eQ90eLY,0.6725623522345252,0.04160890274542722,0.09059396501241851,0.06832355940985235,-0.059808552170821955
4o5jwMj8,-0.673381245543407,-0.14270978078175361,-0.33052873116868225,-0.5311660960983982,-0.5117846026921745
4vPgpl2c,-0.866175649622857,0.437760873794421,-0.3516804835860637,-0.38235470931437976,-0.45952277980474376
51r9aA0d,-0.5897874764298301,0.07059982967152606,-0.3094532095933698,0.05197750450058902,-0.6695860517309177
58SmeRoP,-0.08746979779699515,-0.7999328775310024,-0.1869023805834456,-0.058415697697067115,-0.45686325203338696
5HJp1AXn,0.47434209854940335,-0.15329114058240706,-0.0024287979524740266,-0.8870099759172472,-0.5389315394611606
5MBZW7fx,-0.7270452951695567,0.18689678745167654,-0.10960572837713128,0.798643101482573,-0.13405861186107929
5Nq3gHaP,0.6809293846870226,0.18723186631732275,0.2669233044034502,0.3884764167777821,0.338686825389899
5RmwFFK3,-0.2618355199890736,-1.081635063748674,0.135706720360746,0.1262114245750372,0.23735847868850554
5Tu5Jbov,-0.13176857737790826,-0.41949423516930623,0.013488794715827923,-0.7417528485125995,-0.7393796990420617
5YEolkev,-0.620670774550728,-0.35105391425977545,-0.18516544307955313,-0.1281825583949494,-0.482444120644019
5a8sf6QV,0.09891940400233423,-1.0016626584289516,0.14146191374128309,0.7616780216941852,-0.058469264063447796
5eSvmqYm,-0.9281574338736043,-0.15789841431128665,0.12843919562100042,-0.20384067143465745,-0.6115587550111888
5hkN8fiv,1.3262202912044252,-0.9104100770704482,-0.5007826110536495,-1.5900789237997042,-0.3590308421301108
5oK8Gti5,-0.4545730273985207,1.4445169195124417,-0.00732047377938555,-0.6281936963935759,-0.4675391287962759
5paniGaU,-0.7442297830000477,1.7418652136669588,-0.1335467320036639,-1.1453388878126798,-0.7107889747362753
5vsr7ZUP,-0.3685010115562015,-1.1643071075415283,-0.03508973509521068,1.405007081301098,0.6822169618524038
60B4xMWI,-0.6898633228934266,0.6744692164550978,0.1996402809124777,0.7698146762281131,-0.24500835987625239
64jOUtKy,1.821285031186779,-1.2395505054897986,0.43522407808903724,0.28308919022986356,0.3026457589469226
6AJo4xNG,0.10509955655901493,0.5422225824605429,0.07906976164575669,-0.43179553094780476,-0.5074805946303661
6CAvhEte,-0.16285717904316854,0.6560300558695398,-0.024193884475165517,-0.6651774922687064,-0.3151387390064576
6CuGYjT5,0.7186596140247623,-0.9447057493593112,-0.16432943254996074,1.8792516478412626,2.250146070647346
6DGH8ujZ,0.614104999535801,-0.545664017679339,-0.4561837560581932,-1.4349394958376915,-0.27438578033685757
6PzsGdVm,0.6749802754579726,-0.5003167863345899,-0.1935480903471341,-1.040792452195613,-0.2873497868506695
6UcSJMbq,-0.8656258133501176,0.42225279381509423,0.32195455036024784,0.9094770927173859,-0.12741568731259237
6WJbkH8U,0.009878009232796359,-1.2658100401839893,-0.195453605366323,1.7655135264816881,1.3378171408337345
6eUWsVzw,-0.4283412889174194,-1.3204719892611612,0.09462921753582693,1.5168603007020256,0.7492542328657089
6gNyO7Do,0.669761543648054,-1.1579994592972545,0.04718216848822182,0.4353209886048053,0.03931097188681973
6jT0AyHe,0.22483852132949167,-1.3398370443202585,-0.08719164297396104,0.6182784456329291,-0.08742385733718608
6nBgCvWu,-0.35909644566937615,0.95287650389,-0.042922323430969966,-0.0649735813656871,-0.6377432409499454
6ro5mqg6,-0.4544862803084122,0.4161989055722624,-0.24704492435763653,-0.5627411207406776,-0.19791235246363273
6sGqObX4,-0.4585833894148088,-0.7107783672069237,-0.22138974893324642,-0.703686859124512,-1.0280566425247037
6uEGy0n4,-0.4991226234103685,-0.7965897296870954,0.1796799943822282,1.9895741002025507,1.8312040813732289
7BZ4LxP8,-0.24766145663648942,-0.557802676121266,-0.32745007035420143,-0.14791770631183954,-0.11215564246255441
7CmigXKi,-0.33759508528897797,0.5497647364214553,-0.19685314158870254,-1.0189583282925223,-0.41144271538065935
7Ga0LpfR,1.519365730665175,-0.6983106355068249,0.5271349849092406,-0.4093472426078033,-0.014553666692123685
7PQsFvsG,1.3919799065849823,-0.48679623189664384,-0.24261820843481813,-1.884683998472222,-0.4358968996732676
7aF7nnwn,-0.5804632639126446,0.5839561687917902,-0.46514239766089643,-0.5428968752911014,-0.6289504262497451
7asGzfX9,-0.41680634677801365,0.059179277943574526,-0.09773049565070663,-0.08576606212097704,-0.1282841754657659
7cg7C92o,0.6662881824747622,0.30611634086981027,0.23857909993692944,0.40988739261313367,-0.32789329222602304
7eOxTpsB,-1.1384501283521438,1.380329052131945,0.36010847862256584,0.5483097753698776,-0.5334902540669338
7ey0v7ma,0.26253101091764464,-1.550343711527059,-0.6434592961968644,-0.5510445705691136,-0.5463200114293306
7gocyrYl,0.7720301201284094,-0.2608141773399912,0.006407246560216906,-0.12382846057910046,-0.30670519491219805
7gqR3GoA,-0.6975096612875511,-0.7541131609229088,-0.19604956896797715,-0.5799548976843407,-0.5104864945181055
7og7aUXB,-0.19041871538957977,-0.13346394692453217,0.009000582423810799,0.44586723725040156,-0.2527285015460313
7onRfa8F,-0.2640438313610609,0.834948576627401,-0.08692323812307562,0.5495532806291312,0.3051917762697792
7umkNuxM,0.17450411336698224,-0.737340721421244,-0.08850304575254425,-0.11743415009966429,-0.14646546990776757
7vPr9ExD,0.14031558777263697,-0.9461803269342928,0.04587393679411095,0.5680400022778731,-0.052697588627567044
7zNjpCzu,-0.3410889026568036,-0.6436517103012667,-0.03012075895163774,-0.47187242083311776,-0.6701429396942024
7ztsQNj3,-0.5523908763891647,-0.4993589701984111,0.1799038212868584,-0.4334746463840229,-0.5561488433420584
86gppwMI,-0.27307456690301635,1.465479100298442,0.027777238948134497,-1.4941916318751491,-1.0617968570088727
88thAGdL,-0.3391266182429824,-0.07394777819277082,0.08665003287318201,0.2558753377945113,-0.4550208149728553
8GhU8STP,0.41052811981466064,-0.5491708788357774,0.2661821118795035,1.4644480973501477,1.0348039455695777
8NlzDcWe,-0.22844522427613967,-0.10251502476162572,-0.28490853350082374,-0.6176649568024668,-0.40182599342212255
8QAejdLW,0.4088738770660605,-1.074705238340268,-0.003154258207144933,0.36664609629581446,-0.30348808180293985
8RDeFxWM,-0.8450715683147898,1.213251680810661,-0.06500785628806055,-0.13389140941337518,-0.40996142752648324
8UXP2NBS,-1.0298203144072993,0.49316697003800797,-0.2672337268939043,-0.573032602168335,-0.5456823947922805
8ZoV3KGT,-0.18223219649190625,-0.767623859908692,-0.009934506500270557,0.24014092068812443,-0.31971109646680473
8ajs2uG8,-0.390676843315088,-1.035188357996869,-0.4522784835767322,-0.871772893465798,-0.4832617916352012
8bXnz62p,0.4972414107139578,0.732541630301146,0.08235032116634672,-0.054738909970022176,-0.24024618308955384
8nO1O1LG,1.079554957663948,-0.6335435140503269,0.5094405298504956,1.8464320937009024,1.3948974151619347
8xE1p8g8,-0.6991361565585628,-0.41955913175061327,-0.14963582443216522,-0.42972935894210695,-0.5421690262626419
8yMDVMRM,-0.548319043520916,-0.7223411146655072,-0.4477923137178675,-0.8612474904831042,-0.43915163395765033
98R5VaPi,-0.8633518728918368,1.0123578257974695,0.17718793826723983,1.468651956100236,0.5319175229549126
9DcTz2Ua,0.5131636829844304,-0.4940252913278546,-0.07308319478353381,1.6991398842896406,2.5434155126483655
9G7nfUrK,-0.5625543338308141,1.033442360360912,-0.01367403038854148,-0.14646896345591176,-0.3750664051856495
9O6GZ1HT,-0.9172783275969429,-0.041713208599414464,0.3411078345400131,0.9844282818013899,-0.06972128306075889
9S7fCoAM,-0.5332590627720144,0.8129013400619878,-0.012591088445118415,-0.07583343277526455,-0.6452600512436822
9iQwmFJR,-0.5226947565545395,0.5839435504463817,-0.05397360363350684,-0.3721334553614024,-0.3619086265801036
A3Mt6SAQ,-1.2616374617860053,0.309258577340277,0.09916987346581324,1.6301183376864874,1.2753738755720712
AJIsQIcV,-0.09870587585283985,0.7245084967533766,-0.06887498138713793,-0.6756834856656251,-0.34929994123173513
AMHKXMh8,-0.4104435593374198,-0.4564416551560517,0.41335365898747684,1.9401992731986202,1.7852281288257779
ASwA2J4E,-0.4342903027216032,0.3881259146279244,-0.036167189697847546,0.15017806215194196,-0.17160731040600355
AaFvEoHq,-1.2703269126339016,1.0598375928212571,0.14765264213586876,0.17637067971957276,-0.5904425222486372
AiIPD6hX,0.6518743047092705,-0.13671331157993521,-0.14082725785512024,-0.33733946533522885,-0.21523959782440785
AsIURvJS,1.0107186268598873,-0.7463349017060883,-0.12986449328083266,-0.40076161287977174,-0.4472765145190044
AsvgbJ0C,1.0143760391035705,-0.2943214733317309,-0.15069297612013882,-1.0889324807308849,-0.19320860862104952
AxEhbkCM,-0.9361987650040753,-0.35391606887665333,-0.5049699564842864,-0.4915209680987782,-0.44342238938067224
B7VPkIpx,-0.7878195627104212,0.9025909595989996,0.13030001295327226,0.5480009321076313,-0.517511648886981
BBwHqHiH,0.19936242472680377,-1.3136559915923518,-0.158249933321498,0.44033360743235517,-0.3012111163495922
BMyps8hr,0.05326062655989361,-0.8314606331381602,-0.4201883312116604,-0.7715977629821491,-0.1396917211930179
BUHS4dQw,2.5735560884333957,-0.8615711874471363,0.2723184105384337,0.24890312569816797,0.13393755154878248
BZB3EYWQ,-0.509566679653755,0.9256330113681523,-0.04767847583253909,-0.007134822977671318,-0.26893955722404483
C5UPCZcL,0.7104645303413584,-0.5053274907258147,-0.09368312497282544,2.1951153171482263,3.15075574249316
C5gIfQbJ,1.0318604331669015,-1.2558776570903338,-0.4477021565878783,-1.102677974560559,-0.3953931085896022
CDRuu4Pn,-0.5346551025693422,0.9357405548790647,-0.12546533051410164,-0.37815787036795245,-0.25718825043283344
CQhTYkqE,0.13507380316126572,-1.7604020034458718,0.17499647657767697,1.0234951928390974,0.7692382850966476
CSEobMXv,0.4401936118788292,-1.1182433367745508,-0.4466951332690439,-0.712879688644146,-0.5336516272448227
CYMQE4x0,-0.004683760177169205,0.829690274336006,0.29511117912646684,1.6329399647924465,0.327900839443131
ChQdtl4J,-0.9765127878802211,0.6045040764928198,-0.20324580237821804,-0.15991930904540186,-0.6999300967545571
ChnD1nrN,-0.33676002922198833,-0.20127296198998196,-0.4021871629547729,-0.7593597420189535,-0.5433754437351729
CvtbbIcq,-0.38895865872178703,0.09515554907656948,-0.21157770294349915,1.0937518250856801,0.9162301677836092
Cxk06b77,-0.23756396992963502,0.46977607360085855,0.03506866479050247,0.41907677905344554,-0.2746396310665352
D3QD3ZEJ,0.4940066052972618,-0.3203593325519269,-0.15911453385798607,-0.050894892966264704,-0.023030599089239573
D8J5C6lA,0.30292274589577417,-0.37336860079599504,0.31070926747223554,1.4315263237696645,0.7609001948223829
DCeQwYfT,-0.019809256830750854,-0.881593262887147,0.06596784976476217,-0.16397238264364478,-0.2765902308185707
DDEftkx3,-0.7131402197353616,1.5009274511254243,0.02962789435285801,-0.9901078705409627,-0.656784839041635
DEwCfeDW,0.16432460556506,0.8295534800973636,-0.03781769478747604,-0.18474772143992868,-0.6777954332185493
DMkIV4oL,-0.796055823556582,0.20256399989270718,-0.19197765047648657,-0.7764593739621641,-0.5024514576923741
DnzGfbxS,0.3477637237690381,-0.7809713011510231,-0.23242030662141927,-0.43887963527761076,-0.042391631488286535
DoZxo6f6,-0.8704811226468898,0.6957982702027474,-0.33029413580631056,-0.24978663413396407,-0.46580402388077913
DvhBPGIk,-0.5406001558490168,-0.4298341950585855,-0.24862509231730995,-0.5121495104231808,-0.44076761179509616
Dx7GoUcT,-0.5967860080527423,1.1247260547619116,-0.06982701211064862,-0.10463275597073607,-0.7463411277542639
E5hIjohO,1.1954383009105989,-1.2193865633993501,0.031437109377508266,0.2741043560901535,0.4745514385196964
E6x4XGHt,-0.3594172545513281,1.1507808586928585,0.06197329917084632,-0.42527738993232833,-0.38582169085408735
EDEpAzh1,-0.7992671999452448,-1.015668251205536,-0.3268850268614312,-0.6500302237003079,-0.6279385648183654
ETGudkQt,-0.7279113953677658,0.7722415106728457,-0.09293118136612405,-0.022007217738812868,-0.40513840989775984
EUleKrLJ,0.2800915496402361,-0.34996010733484767,0.13668499509002346,1.7429743295937687,1.878570942216114
Ehw2Jz6s,-0.4118341655823876,-0.5958350807367443,-0.525839799472136,-0.7313804295859636,-0.24078410277549325
EjqzC4zH,-0.9179719736218992,0.8242119781992623,-0.06598347557361534,0.02714538226671448,-0.48199628290264285
EkMZO3Qj,-0.7906530978987227,0.8864657705219978,-0.14493240365551513,-0.27630412282753514,-0.4975137458400388
EnoNXWvU,-0.9228729940341616,0.38162971715596355,0.34619132689066306,1.015140898299639,-0.12577414195472217
Epv8ANwr,0.4914569727713918,-0.4756664653049502,-0.1545318360024464,-0.3886077449306622,-0.23037022035420365
Etro9j0B,0.20255377947272635,0.35868220909569387,0.15370188545965563,0.4673929000868402,-0.41752857265534316
F3MIZj76,-0.47680696613043594,-1.0216983252688825,-0.28446324383027216,-0.4228963681624218,-0.3327036988491875
FB8tU00K,0.2595749596418848,-0.6017907814706651,-0.03708691147518378,-1.0278297703578783,-0.5051137072375843
FLhxBGMK,-0.3627547799608344,-1.1012562345205443,0.1258077278014173,0.8873070539229293,-0.10081344634865333
FRreR8ka,-0.31424641392619534,0.3865572166033398,-0.22882570126763652,-0.4653849109095727,-0.5144076951417139
FXne4oAV,-0.6702417350673038,-0.43060586435458575,0.0818004017205442,0.6109489836637085,0.3044628715999659
FaW764jk,-0.3031218933256348,0.43786166947720445,0.05144224214676457,0.6285495141320798,-0.40668104936436633
FeAbMXly,-0.7628752421135339,0.3659901374690871,-0.26381172695665894,-1.1159240356960918,-0.6988467627454759
FeudaFXn,-1.0184051330172785,-0.8712290619431788,0.06730265173063005,2.432332854453695,1.9661204451201535
FldUmFeM,-1.0080871600619155,0.26378269601182,-0.004199344137317651,1.6019724481231397,1.4660429313505425
Fnv5tfAm,-0.4008034267874443,-0.6452475380489451,0.09166851095914014,-0.6837940176113289,-0.7046522527368927
FvrAd3Or,-0.7242481261398659,0.632738185737342,-0.11514872007320603,0.7528469679304426,-0.2902451108586922
G48zHffi,-0.7754629281159957,0.6134681125268779,0.3672840683204743,1.4555450558954608,0.19431411956450914
G76zCv5N,-0.6433612729563372,0.07850148707266086,-0.1336170738675389,-0.11767726887394292,-0.45799256511487896
G7JGUdNf,-0.08094782624563024,-1.1280765698021715,-0.03389517286906424,0.7888162212170091,-0.017405681159531255
GCo6MONx,0.4500959396216224,-0.6449399060915331,0.33989111799017907,1.5066683629396966,0.9903624791329401
GE0vbpVQ,-0.46457278971253047,0.7374943567579957,-0.03559056043651593,0.23958982750257474,-0.13387517710704402
GN0DfOqt,-0.6778059997848338,0.8349856841233285,-0.1511778587205424,-0.0435753381905879,-0.4205042237065447
GNsTAb1v,-0.30673168412182505,-1.3844435481904858,-0.4759123135159041,-0.7325085883840738,-0.48882796063777845
GPwmO21z,-0.027633739742224606,-0.6949536866472064,-0.1715308699815648,-0.5818106356733306,-0.3651291285994068
GQYpfLoh,0.08453066162859457,-0.9046517498872182,0.15873713246513604,-0.07342879952518433,0.26433255016784984
GR9knT8n,1.2688093035815093,-0.5314339628320359,-0.3089068805447948,-1.7966239012033138,-0.43631308597811425
GXtFFbZy,-0.22088490444276587,-0.44078537272607904,-0.05445896747597884,0.3111154700863399,-0.18858912122165408
GYvzvvFD,-0.4844459908167771,0.3504683661597919,0.02875414204639698,-1.3777080461855558,-0.841434271560289
GemPjTJ9,-0.3604972408541123,-0.7601199647089307,0.01914575473277752,-1.4409337502398312,-0.6359968419503877
GkLYRm1K,-0.6149651289567934,-0.9504968404898155,0.21739153261659,2.2508621942944744,1.996217012436076
GmlqP8eI,-0.9537213879791686,-0.2628663974291176,-0.5327314277783568,-0.43584440186379925,-0.38332812813884287
GqkIrOvf,0.4741534272668453,-1.004506845385915,0.23707690105264762,-0.9234130931902864,-0.5629990782129118
H0fsegPi,-0.42383903101496045,0.2518220995812935,-0.024520345425584067,-0.024325592059833978,-0.4441062524204119
H4dHpJjU,0.3317401318779396,-0.5442920552767665,0.2102746507766699,1.9200068554734362,1.8223261747868797
H5QwJCuU,0.3352235030576942,-0.288870332169292,0.6111392837399183,1.5284892730723432,2.248241553108286
H5uwmSZ0,-0.8589578691956028,0.8132815887223368,-0.2663768401589675,-0.4175976408917659,-0.5251212594046285
H8MtbVoL,-0.37980765616090295,-0.5437277913946692,0.03695311509567206,0.4693628826329832,-0.3858010473447996
H9JrUYnp,0.021085043877963727,0.45219675582561464,-0.08642499458143332,-0.3243494138140004,-0.4866373937998253
HHYmmHVk,-0.5391756737829034,1.5481508734111211,-0.13230548733487352,-0.7917754937953514,-0.5006332670796075
HJ5U4uqL,-0.6721495045728823,-0.4465206948056239,-0.4064943691237329,-1.2266592312390212,-0.5474069684317021
HNQxYc4w,-0.6425408222307958,-0.5773289844909433,-0.3510823870583533,-0.4172096681891826,-0.1988968534126491
HQYhKHZ8,-0.6320072853475374,-0.0933152564515713,-0.18819193302125653,-0.4335767289172263,-0.4649897138263134
HSCMx0MC,-0.8781404074925483,1.1385830425909698,-0.15329517761166583,-0.08563680846880106,-0.4574528686028009
HXYuE0fx,0.0615097382894767,-0.5397155227077766,-0.06426161925538848,1.7011261354950211,2.1127422593674363
HdKcxEWr,0.42730901361482054,0.41523836494670646,0.26336679862696316,0.5158611591661402,0.2768453513005932
HecW1iCC,-0.9255695563981696,-0.9553869863329074,-0.3554195866313546,-0.7142077616454781,-0.7409241299899497
HpbKB8rv,1.4779976596216677,-1.2553665933918656,-0.5628618090095312,-1.1318577582590688,-0.5300723158327548
HrkoYjCg,0.7293497518632996,-1.1746874653073538,0.033188196302477324,0.3004523392370875,-0.016359385779438768
I5P2uquT,-0.2573153769069556,0.5706975877074891,-0.030669716984460804,-0.11263452712553135,-0.2691179670257645
I94qkDM7,-0.46034176402941895,0.5903985576961512,-0.14365587077601388,-1.6412117614500612,-0.9204259071987201
I9sQbtt8,1.9399556677606036,-0.883427409097205,-0.2304960303331552,-1.0215190452796132,-0.379957571015226
IFxgw6ZX,-0.6426811910514623,-0.06003721576066895,-0.24364821669611386,-0.4546717747026132,-0.4067640265977991
IPPPSyoU,-0.3337898414622593,-0.8716915371800515,-0.18654595255476464,-0.9123630937513763,-0.6161684689211745
IQOYQubU,-0.038234085878013246,-0.5180833720513893,0.08073178075754756,1.3795821470136407,1.511555426068511
IYNE2SxU,-0.3428528064057552,-0.8189918688477993,0.024506130302812623,-0.7620102455023907,-0.6999854928506158
IZRFk9kN,-0.404608057267307,0.24035913296924988,0.03989271427438895,0.10157626201219228,-0.14148141475404033
Iaq3v0t3,-0.9898732652864162,0.20946447436458399,0.235180262297705,1.6355721858355328,1.1923158753327094
IbVwu1t6,0.19698280909755184,-0.5613353215727803,-0.5276332217095057,-1.567075533428645,-0.36534728048697274
IcHKTLyo,0.3577935471871463,-1.3495979148523494,0.10802424890583667,0.6001005098882406,-0.018653996742401674
IpW80wVB,0.15134354901146096,-0.7154931269209575,-0.4190361101398264,-0.841581474016105,-0.10124610325034725
Itb0PYUV,0.9571965967650051,-0.677671674913565,0.269327535867875,1.8845563251067479,1.552095795052295
J8fpSwS0,-1.3187313464991455,1.4136835949621835,0.22985704912479038,0.5186362728876948,-0.669463575770593
JE1SlbD0,1.8766321246541686,-1.105322387706021,0.30564855680766984,1.0340047703070259,0.5080506245005688
JEB4McNb,0.06427455906053936,-1.274671870837121,-0.10036822016856034,1.6081504792231744,1.2334467925308978
JEE4QVeQ,-0.3800579566359481,-1.177117420415154,-0.13322086375502634,0.24921877755803234,-0.1401086258849921
JJSEU2VQ,-0.5227380618771456,1.0849722080564315,0.05432699222818543,-0.44545697744554036,-0.6602234095132792
JSsVriP2,-0.7566108787803039,0.158708985388419,-0.18712676455926497,0.9147587478413943,-0.09196354052643643
JUvQNiOK,-0.1377449717904362,0.04785018847028183,-0.03137601335516932,0.23634528079258144,0.21937772305248812
JZbrRtm2,-0.8683008293810524,0.23788176864590965,0.3270696622168873,1.1587393607327858,0.14031100087571188
JcE9G92B,0.5509647953324368,-0.0551146491924574,0.04044452288666095,-0.06646733823988416,-0.0821546891250057
JnNYpXHr,1.4044852168692508,-0.9313633437465361,0.4492339057512584,0.555539294162988,-0.01501335200625023
JzpbnOtz,-0.9116415241180782,1.1491457520943167,0.29799012353827153,-0.14539231008945808,-0.7551588954854799
JzzUhPQp,-0.3784680543701704,-0.9434417168830824,0.3309838193017515,2.197972567851072,2.022063694112361
K05R8dQK,0.09706801427090639,-1.0635062220152596,-0.0940109801847609,-0.27532605323387815,-0.14512258253650204
K17pG2mG,-0.890326995621546,0.09306553134510792,0.010833602671697251,0.7143764832980442,-0.11245041719418283
K8BellUe,-0.19361605311020114,-1.4789287212428481,-0.3385652448551025,-0.018255773608027992,-0.09707481194506387
KJ2eH6rr,-0.2910629252192045,-0.9885478160598742,-0.2718805166605432,0.2816426250325794,-0.36843053105964485
KJEJ6Glk,1.4339461102415392,-1.2353997129534056,0.10449178265615616,0.9329986484460069,0.47606641747300615
KSbO0oXS,2.5849150153744525,-1.530722733945051,0.5741801579649621,0.47988809454971215,0.437294508086992
KXtvmd01,-0.6996056450191297,0.38545747952511916,-0.17626225692562342,-0.15548452217724207,-0.3320689579902739
KYiJqBuJ,-0.8606160292804468,-0.9772391410969268,0.0944679765939202,1.0219242934362474,0.14678922460710395
KmbAyTcE,-0.47249970722146983,0.16734157589516868,-0.05248605401426515,0.2591856158652963,-0.17082059630298888
KnNyl3rV,-0.5319238697843609,0.5503239253142491,0.004974970732279205,0.7203506279653784,0.2712001819320301
Kp2DG8TZ,-0.6090218680281048,0.8473572391243105,-0.1651464501199041,0.2327902802648414,-0.45757947615790384
KqQtKWs5,-0.22974504988543387,0.07184402608627166,-0.27479019598651006,-0.6225775862827259,-0.5126515442186849
Ku27g63R,-0.3452962504720851,-0.44203122815511237,0.15949672665668574,1.671798778722793,3.0815730830824886
L2aTVqDq,1.1776918610378182,-1.0467373768277886,-0.452420436642127,-1.6864275211260729,-0.40710885744626124
L5jvq6G4,-0.3428512754173987,0.383746234009639,-0.19239440409502434,-0.4446966340800127,-0.47149795502856817
L91hYVQl,-0.5847625598241954,-0.1936342275377247,-0.45113117709344236,-0.3915857019461082,-0.42855046769888416
LINAMlbA,0.11750118584039981,0.7100439338233608,0.16817148474500415,-1.3991990057971389,-0.7230509972512357
LJoUNXSx,0.5191724109688387,-0.6349890702184913,-0.6089046152412845,-1.8119181483892344,-0.36145077253810654
LLtSiyWD,-0.7556287347552022,-0.32409377818762736,-0.28065033645090237,-0.3163979978983871,-0.5496785477191827
LQJtV8kn,-0.25865724732058126,-1.351732435230726,-0.014101921480245194,1.1405744457528517,-0.14810999397265392
LW9uddw7,1.0234468789487785,-1.5007643675866367,-0.48575325574712563,-0.5199661495731316,-0.4860400053842261
LZ6sdBTR,-0.09994270118546567,-0.5163103512085419,0.5434246277122714,1.268975382748683,0.8064961062043347
La2Vhnne,1.6562143881856066,-0.5023391386158911,0.15245408630925,0.19859419121546762,0.12170986016666005
LaUWSq9B,0.29802990803203855,-0.8810925788269761,-0.3079518887325446,-0.11242469000792243,-0.15143976623745972
Lk4SfkPQ,-0.31890800447923695,-0.8305523381085569,-0.3210314607154157,-0.7048350119044453,-0.5662032160223737
LllC836d,0.6709708073492386,-0.20444736588697382,-0.05164090067729715,-0.5695901607385376,-0.1456004090348563
LuGiGeWN,-0.23237313325195075,0.8580291360447954,0.04099284248808205,-1.204921615276201,-0.899603669543709
LzcyHcWa,-0.5523963320722594,0.7330012860128117,-0.0381505971736385,-0.6089624735755688,-0.5660783111354851
M7veP0H4,-0.29174667113626285,0.5056862079623878,-0.1809666268463968,-0.4956165035913027,-0.5043649396357216
MB8aaJUc,1.1125948731550928,0.10421092638543811,-0.12654992830154127,-1.9653662410083352,-0.42517258725799023
MDpe2zuy,-0.9158064800626669,-0.667274457331043,0.06683115249005483,-0.49621468503535016,-0.7272731525579422
MEzdmEIU,-0.49585929753198954,-0.26704040212248586,-0.14938971877474044,-0.11954050583819753,-0.25016905163308023
MVnhtivm,-0.24327171465325748,-0.5829395327445146,-0.3126573497290917,-0.5401758023147731,-0.2913195839107777
MYU7WDis,-0.7995619789383106,0.8343776928562401,0.04944666256982261,0.31134886019633723,-0.1861667615519457
MZFqh6yw,-0.4139448172336522,0.2591615403776795,0.227793555868617,2.079350928462806,1.5087981003368747
Mdgy4SsO,1.3706768563040335,-0.664797088094385,0.3308472890880569,-0.19217777705223216,0.1232592170629084
Mj8awnzy,-0.45083652322683676,1.2456234162317268,-0.04931229002455778,0.027143666160261093,-0.3087442193048139
MpFPbUJy,0.6670120538158137,-1.0161954161320883,0.3315444811564578,2.345143957903635,1.9297557302568145
Mqk7MFBM,-0.856080742909409,0.999289592086914,0.12281117925521018,0.23295688790056102,-0.3642088712249608
Mqs2t1Eo,-0.29582574387837823,-0.9976173905733068,-0.16939675896357015,-0.5909473918243957,-0.5562783259558876
Mv3jFVxp,0.0730811693338076,-0.12258295885512965,-0.16108397890526588,-0.17188738395709424,-0.1168545946204779
MxODTXvA,0.00248826331538865,-1.1353446011918569,0.23132274387943313,0.8262200879370785,-0.009816456658442135
N46PbpPM,-0.914911394659395,1.3058016965017922,0.11283478133189989,0.28174555888624764,-0.4094984069836448
N5S5F9Gk,-0.32996575285416085,0.8644751582618009,-0.002676006189416269,-1.8538910170614809,-1.0607192768018343
NLDg5fqw,-0.5040598678003896,0.32654835843286306,-0.39786947655558264,0.2246702578406048,0.4894543239827124
NOho2ZiM,0.28646466335225185,-0.6509990332869184,0.005595277322742065,1.5836185145469035,1.9135963637711335
NUuY7PFU,0.9182812648866623,-0.9672488503601036,0.3499822325979824,1.9652338193854366,1.6787340401431117
NV1e8AEO,-0.5183461863362133,1.0870116234801552,0.0013053168802218962,0.050657554246233305,-0.4561227589604334
NZLXROKC,0.6758656002650589,-1.044936160761292,0.29595366834426956,0.20493521936730485,0.07408524365358402
NaJo7C6o,0.007117372533446797,0.18129619793748858,0.07319373564040349,0.8439713261076822,0.4769786586418684
NgsyGkrO,0.5387219249805533,-1.3632701223047226,0.06139029563563442,0.7741640787200386,0.09521652704846359
NjOx4Zpo,0.5954461264616278,-1.3628133380711025,-0.21875924271308916,-0.7856953485932745,-0.33839027426599044
NmQoI7x0,-0.8197174112990631,-0.204986365400966,-0.262340232046439,1.5692617641272382,2.1664256103169772
No4wkdLS,-0.11955952643007706,-0.13544002255084892,-0.37463756976127455,-1.029408561044259,-0.4249071030942707
NouMwhOf,-0.3313701448391946,-0.5564259898275414,-0.11146138562686586,0.330361324174125,-0.3424028944716758
O6YAWd8C,0.045560874745877555,-1.4137104784585082,-0.2426936638010045,0.4488008972686448,-0.30636585101298464
OAXVphSh,-0.8485781560646153,0.5706808612409058,-0.23544445548215093,1.0348262916613085,1.9597830413037933
OJBBhb6Q,-0.7092754065513525,1.0990764039202967,-0.4903785529020422,-0.40855336645365514,-0.5685546869413122
OSIQXImL,0.350884446957469,-1.3438909617840655,-0.12775795785570493,0.5118862958512882,0.5876588016987933
OUUFc5Zz,-0.9670804741663339,1.1845175210858978,-0.2103842260626277,-0.15838790980303474,-0.5077796054035991
OVk1lquT,1.256141707870018,0.2902944445798748,0.28448920132767513,0.4296533670071103,-0.09578528839144043
OXdRxjzz,0.6127342760462291,-0.8596701119417067,-0.4654478353070442,-1.2159893504586516,-0.24334779584548075
OXxW2ekf,-0.997063543784872,-0.5020410799317252,-0.253383929128189,-0.6426814123886497,-0.44969459260279676
OXz5OpqR,-0.6885141590855817,0.4733894577990195,0.0814143375941842,0.7845434720081148,-0.16611264016206975
OcBFW1AX,0.3552828930385097,0.9870415094149829,0.19197307996818042,-1.7694051536548823,-0.97912313638814
Of9V2rpt,0.03768356951785634,-0.8791431154869789,0.23463225082967826,0.42848246260239375,-0.051462852784212615
OfLxPhbG,0.06962785539711902,0.6395479791445704,0.14185601923780838,0.1756428808309256,-0.13013985973226797
Ojx2vi48,-0.28184075072705284,0.18500471283104886,-0.32660679172637513,-0.7634493055607645,-0.3564476048338895
P3M32iuT,-0.6404883700536281,-0.030668911109525687,-0.4006415402116215,-0.41777227398376726,-0.08555202158983435
P7olVzrO,-0.41096510576904777,0.2527166231971914,-0.12600047473394055,-0.31997711952210284,-0.41530155999386464
PAPHErnv,-0.4055253002059196,-0.6270455292984953,-0.2656602162383149,-1.005937698981209,-0.673093386854149
PBjEtfXb,-0.5108438007105285,0.3114930414377322,-0.03462410498720031,-0.07832174662605484,-0.3868289663607959
PZGpoBBj,-0.44553025135770596,-0.7521441050552331,0.1386103672389129,1.9790124098746464,1.6918329350148575
Pc2RrxXS,-0.7652932234043526,-0.4728965136274856,-0.15604299771076852,-0.16839830797818922,-0.6984032163016002
PcHQ4FOu,-0.2814496002272442,0.0611956531257401,0.012591830406778415,-1.026250004511733,-0.6258293381188343
PeNyTOVN,-0.16926540645091492,0.6005906694896093,0.11247113167017803,-0.049941774754936885,-0.1790928285888788
PhUPSU53,-0.4188142105247259,-0.3773575588551485,-0.25481297652960505,-0.5499040425957655,-0.5130685990145741
PmUNeV2O,-0.14904517972014375,-0.1258657577533559,-0.4860460876725608,-1.0273204501823539,-0.41315845433679554
PoDJ0uvK,-0.6631266573513237,0.04717329499962758,0.46914075128369065,1.442506928642094,1.9100506085626272
PsUJdJdg,0.6498489114676325,0.15697952935952159,0.00032715940823097034,-0.08435915395291249,-0.14159596366450047
Q3xLFx1f,-0.1520490722830452,-1.1298030875208516,-0.4774018960402043,-0.7786872995296317,-0.29471718709807304
QBGxCvdM,-0.23549405685254143,-1.0263743457984693,0.011496188174520527,0.46777170506350285,-0.18543245876323114
QCEPyu6L,0.12960132645206457,-0.9504098770175025,-0.21619369829660512,-1.0589198139649152,-0.5944802969554678
QEfwec4s,1.4443305109946216,-0.46167753313184406,0.21928909847882666,2.318879470951676,3.056050998426357
QZ87Nnr3,-0.6124362714265423,0.5899065522306481,-0.3301611572710624,-0.6142760057412697,-0.6524058214274794
QlyGN9jv,-0.7182304590501296,-0.1352063287326037,-0.015560957177070789,-0.4763233623312526,-0.6068280045258382
QqgWE1ny,0.15799967444148777,-0.6396294908558067,0.05203296055309353,-0.4661021822642606,-0.5286313227063749
QrjjBpZd,1.0170819931470199,-1.140617938235575,-0.46854596530353204,-0.9159572371950826,-0.546244502159667
QsaBiX7V,-0.28968634878789246,-0.18553976651801535,0.21595659616626678,-0.46682558071376934,-0.5928752097604649
QtBKJuZk,-0.1637128186300849,0.873031282672944,-0.09616844054109036,-0.27161978556962185,-0.30649457215192
QtPRO8OJ,-0.6386396961056668,0.4223764731183091,-0.20014345835444486,-1.0360933617258279,-0.6663804880165719
R8XcsFnp,-1.009319080946863,1.8510261013489961,0.1768005605322162,-0.41974163736001446,-0.9776075534166614
RROfRt9z,0.3569449771655293,-0.8873985770232158,-0.04633660545074575,0.3764472726203867,-0.12560818490716544
RTcbiDGq,-0.5048972564384364,-0.17405521230366688,-0.2892564180665556,-0.2671997973739717,-0.6693230469116008
RVidM9g0,-0.9807486639902088,0.762600068480513,0.2140916894243094,1.3118921116410338,0.04261970220680608
RZnQSH19,-0.7387754340188728,1.14991080014838,-0.06476067996369578,-0.3748516292947197,-0.4329906463710961
Rc4UK7fT,-0.2956503480024928,0.6171439933824312,0.1459162270248146,-1.3740650620075694,-0.8402390377398353
RcKBKh6B,-0.39994044765218106,0.743479163124537,-0.05523816056076042,-0.24927954049537493,-0.4315161771794612
ReM5kDa5,0.09469624222150586,-1.1293988442806968,0.09910282270424092,0.5528108100267464,-0.14248856006203484
RfntsotG,-0.7646310868056041,0.6865338543110264,-0.09228214540918428,-0.1978544142342098,-0.5178034323853501
RiXMlzXD,-0.659516197103823,-0.5791784172714889,-0.11331117987857736,-0.006068797946293669,-0.6026633840949819
Rik83O3m,-0.1883838105895954,-0.4309773402541414,-0.07559075267887577,-0.6064831644278665,-0.4718021898381869
S3PCzDzO,-0.810380884340713,0.47421686286256587,-0.09614465601590721,0.5413628679845506,-0.3448837856956436
S77BviOJ,-0.2576998089671285,0.1745708839408489,0.06919396591773536,-0.9671437807117609,-0.5620384782519215
SDdvtktF,-0.09430367784058191,-1.0981615841782533,-0.5141277257462331,-0.7947039230082946,-0.4193527811833212
SHs1AyfM,-0.053400303590262155,0.8363737657242363,0.178586425044374,-0.0948424855915373,-0.16207358093585414
SO4zQy9k,-0.735552213097673,0.19293016864557827,-0.008904829850520157,-0.3657078224817478,-0.4015647011895146
SOOBCoiG,-0.6009403272717115,0.7846954498878385,0.03572977643465153,0.052072312136876464,-0.3820975545029489
SXkkPB7A,-0.7007375507839804,1.4436315957369497,0.4366559441577795,0.6046007899857859,-0.6548625812358898
Sa93dGqq,0.8074737080250891,0.8482278318348089,0.3270359579932904,-1.3747640349116164,-0.8316191279375437
SonIG72a,-0.40427127230283233,0.08127320724074522,0.13672980824661524,-0.5232349951414317,-0.5510684973412628
Suf6hIBc,-0.4992540407902304,0.5666526516143657,0.007388152428335404,-0.041267320836207544,-0.21680459537834965
Sx2JeSRz,0.5626729997229525,-0.8126058229712745,0.26714528743626603,0.6537028544338928,0.08157439916315865
T1Tlftr4,-1.0645351397736356,1.2853326416119197,0.16450599070866362,0.5605787565008786,-0.37159478602167495
T7ulR4ci,-0.6129499684739237,0.9711561780548872,-0.2430342179834622,-0.19180762568459886,-0.28279073275031463
TA1NB3Br,-0.5289788969632916,0.3331435680518989,0.014418351190203127,0.11990109765240686,-0.20276290908465514
TFZUskaK,-0.19499584693495464,-1.107880318230993,-0.2923728747662278,0.11528925537202395,0.060691458963659656
TNL8HGWZ,-0.2826006143755073,-1.2583523629483826,-0.010449485997709174,0.4168576552307759,-0.19071794865682593
TZ8z1GSF,-0.22030046056103103,-0.18002120830979224,-0.46393412160820274,-0.699211692910988,-0.36722583304869316
TqhRvkJJ,-0.9715152169039918,-0.3672273534833967,-0.5145679162301473,1.2379002086226383,1.7959134834602388
TtJCUiY4,-1.2657052080478586,1.743297566974068,0.042260682576612696,0.33449207650749213,-0.6985317683063533
TwDq0lua,-0.09889900627082326,-1.3291563473943844,0.11896867189556021,1.3392285616318322,0.6909238986956859
Tzyf02sI,-0.6846724102229125,1.05803137803159,0.1487878249140397,0.5312064751346288,-0.40847116724604915
U3yI6ZS5,0.9848880573997469,-0.6668525448848432,0.2287833168124837,2.02776009876941,2.670788506953371
UBLnXZAN,1.8728328390952704,-0.679842380555012,-0.2902482164866012,-1.510479904697443,-0.47671001288451065
UBWDzleg,0.1229750626289281,-1.0070697811630926,-0.21613993883080523,-0.7134627227254196,-0.39839733435543734
UBqkX6SY,-0.1311536293872102,-0.7950900471654696,0.3313132468688184,1.9260305793454127,1.5922646896230923
UCIAi1Aj,-0.43241338179155875,-0.2869343359806426,-0.36128462496732366,-1.303343341530829,-0.7004285596210741
UPbXGvCS,0.0010659741078491436,-1.2306766154382804,-0.04571169521683599,0.560120406579178,-0.05326725447663763
UeWm1l9F,1.564148998791314,-0.6182124542862331,-0.298383873756178,-1.441227620308221,-0.28827872337457505
UhucscY7,-0.8962135805693485,-0.6235656557054445,-0.6087450257355282,-0.674405412330837,-0.6311155426021889
Uri1SvHV,-0.009262157138220317,-1.3557675508422127,-0.029866814308901424,0.5160132581585704,-0.12922228564799867
UzxipGJS,-0.5964547773132942,0.7271692922530273,0.05978647252094221,-0.1696047238265901,-0.4432931808262458
V74zfaAQ,0.19619499582971756,-1.0522984996465785,-0.011555718073408328,0.24620399339976484,-0.28708464324815053
VBPxBLTh,0.6152363316316389,-0.5581274019554276,0.29391209257117795,1.7659536810783056,1.5256460696425471
VLG7CXYS,-0.24145872234022292,0.7881867053182285,0.036657972067802136,0.04987906166177436,-0.3141270230278371
VNk52SpF,1.6055764785626145,-1.3857500005073253,-0.5527263791164057,-1.3656221815027247,-0.4868537515824448
VOREKsok,-0.8172778019441118,1.8473467366310141,-0.06872262307935101,-0.8363188083336108,-0.6469530345025453
VRhTr5pX,-0.9814901228680917,0.09598542489570533,-0.33753344173557137,-0.2149745153327085,-0.4657501303493211
VTcG4Kcw,-0.6121587435006965,0.9645582081385309,0.3578979361363838,0.6751182496424708,-0.37396137330849
VeKiWSbS,-0.565616622019899,0.29114141381214537,-0.010045250585575316,0.11976268286860159,-0.23809337613671802
VnU8nJHU,-0.6352819935007226,0.07743870453655105,0.25426606193308204,-0.23048796907921587,-0.570352211983178
VueNCxYv,-0.6184101541046054,0.46122810889832905,-0.17913298666441163,-0.702679028932901,-0.6083260937555371
VxuQTRUl,-0.9014151998928916,-0.24593211120363961,0.06448091976766251,-0.5820822711030569,-0.7241498227583781
W5lgaocA,-0.7678322770280026,0.47858607413386195,0.4840208180305456,2.0734179645209467,1.1580560397135138
W5mMq9Ef,0.6339818745479882,-0.2724754613997466,-0.27786723843474986,-1.3173526418255033,-0.3476498632114874
WDhNqFpS,1.1288332149263063,-1.246092682362043,-0.0654042015712673,-0.3803862816688006,0.04741054153531307
WE6n1kZi,1.027786200286517,-0.5576859218557748,-0.4666312285003312,-2.0123645779631927,-0.3640123163547889
WFk6r3vA,-0.4322837041329528,-0.13320394470442992,0.18225852112276358,-0.6499460539346937,-0.6242144562654778
WFyIrsUR,0.4209413739883878,-1.5067581307584097,-0.530772048008215,0.1155263521342722,-0.6129405316016948
WG6ZAsqR,-0.7978781550175533,1.1860172588616005,-0.18782670899260095,-0.8453720862199343,-0.6905542330453193
WMq3CZQk,0.09449869452440751,-1.5213596086649905,-0.43522599878543927,-0.9391375901255496,-0.48463680848432544
WRskmGjh,-1.0484731851081612,-0.7129221177432574,-0.004844061319785153,-0.6105399450739906,-0.808114452258693
WXijSglj,-0.21953563717466906,-0.9774909444644455,-0.4781587374996104,-0.828015581666089,-0.37447752820004665
Wc0stQgu,0.6747896539507003,-1.0634579530064021,-0.433233466681271,-1.2525385740714892,-0.32903352377640316
WewoSCUB,-0.38439180625392666,0.14316964734584686,-0.43712638987586955,-0.893627469760143,-0.4615875194517832
WuHuhHWJ,-0.5647469964851659,0.96152513762954,-0.16599818027954255,0.21130838789070094,-0.059115724570134504
Wv7EBtZb,0.16692834846661597,-0.412558662350104,0.12490952443202902,1.582645466046576,1.2876318874079822
WyPlxDn0,-0.5866468897579686,0.5877135297431304,0.10541669021789518,-0.361111993445159,-0.5351572087020179
X3WqoSNN,0.7535768232807989,-0.9403299231115871,-0.0924397110125153,1.6090507188704823,2.0109193983487184
XDhyP9KB,0.02358740077783139,-0.4676421418277205,-0.04112566401319212,-0.7086472161727879,-0.825836270197002
XQxhDRMG,0.12992588466930854,0.9771011518601862,0.1144827271975703,-1.6976181183009185,-0.9651040710885047
XjLNAwxW,-0.060500085675368354,-1.1693922164705801,-0.2758910787613456,-0.31128618223835747,-0.1510519409942083
XjfVQbXd,-0.36622715280942586,-0.405377409807581,0.4926717210739628,1.4649294770026036,0.9265170880528183
Xovczbf6,-0.7687159816259843,1.7348588316495788,-0.04032079502213831,-0.8758316448543819,-0.7034880762335126
Y8H4onBf,-0.5591572593309699,0.49750632706022585,-0.335382851013959,-0.29157312395484314,-0.7036556206442276
Y8YgzSZ9,0.27153243426390716,0.13416271098944704,0.19953260287523905,1.6289630076529893,1.9100843280095738
YC4PNV20,-0.34511014027635767,1.0975313635864021,-0.07689291776138246,-0.17613972556984936,-0.6122111896165882
YDHSCRdd,1.7331976431921596,-0.5967679588956363,0.12831652636895002,2.2737012665524405,3.795863052797116
YIJ87aME,-0.6527348395266124,0.4453574441584787,0.10357593959087014,-0.4042670390998164,-0.3128191005305473
YKvT4dFv,-0.02444533839776497,-0.2568681708407003,-0.2353747233685351,-0.48319162206514465,-0.18696750722325875
YNebALR2,-0.6463756560817835,0.4733018269201675,-0.10082386630825907,-1.2806316249439742,-0.8567800907319599
YNrnqFyb,-0.336650913479172,0.19859797807780338,0.034492569642894766,0.06581169782946472,-0.169197536634116
YUZ4lR3m,-0.35825501339583,0.4944706599738747,-0.07669305700416201,-0.357596433063075,-0.4601299698417881
YYLvjoVC,-0.2098053409975016,0.20858963014788784,0.17484485815065115,0.4932369191246171,0.11895053400506525
Yb8OtMb2,0.09160986610139688,-1.2080214506785543,-0.013375526805260718,0.924810992878226,0.15860598154925695
Ycg4lTYw,0.2652954201730502,-1.3747030965299947,-0.5132611753010803,-1.108240826517952,-0.378845488409994
Yfk6tekH,-0.36505817255261874,-0.6953429595970666,0.2940297114050611,1.5056381785868116,0.14973377932595552
YoSfgmR6,-0.3075505115218782,-0.13715055949515048,-0.017262909695558604,-0.6535560851899145,-0.773852078887345
YpzFvexy,0.4332200218579949,-0.5061519308800617,-0.3370360259196002,-1.0337768013215036,-0.34406668605221624
Yxqppfa3,0.07480791870169767,-0.5091920539840904,-0.05606236427207817,0.13387148009785688,-0.27112656470468777
Z16jTUvP,-0.02497843595984861,-0.5395638108922431,-0.06664380849771417,-0.7927272292416301,-0.3992606045878949
Z2BdCCbJ,-0.5128898793507339,1.0684773642288727,0.06560752155745492,0.09489180436019251,-0.32154268571959277
Z2JJMM6V,-0.2485563182717776,0.4600375486691955,-0.10308675751958957,-0.35571684735243525,-0.42926094707924334
Z5jE1OB5,-0.27696656197646163,0.30507364693298583,0.1481906370777199,0.3989422029955467,-0.2884928415976594
ZFsIqYxA,-0.10028173011847841,0.10617920514105023,-0.11658160447997373,-0.34995090526065087,-0.46220454075934525
ZHDVsoRh,-0.07276699764384986,-0.6131002965138597,-0.46498924067237907,-0.6903269789496089,-0.4217396248434545
ZSmfu2Fc,-0.459292111802835,-0.5285998833209324,-0.2580360873994448,-0.17546702862666552,-0.5707229103588963
ZU8YXF3H,-0.9363186571258773,1.4698216883824424,-0.16791702065371622,-0.8281547934498785,-0.6863310289750336
ZXKaNy6Z,-0.25526331095558064,0.8505269921421112,-0.19638715490101616,-1.1095214609591249,-0.5016930985982674
ZbYLo0zK,-0.40028853177524226,0.44383347527500333,-0.1687043010392824,-0.1494809790463687,-0.1971787227664811
ZedN8Gcn,-0.7121821964560802,-0.14352075079150567,-0.1058563854624151,-0.173136776239583,-0.7400101584219249
ZgD4Dau6,-0.7582708228767494,-0.8330172168324699,-0.1136669933257633,0.10295908886989946,-0.2586206415624167
Zgzf79LA,-0.23415059964555596,0.06776675066052845,-0.2821528508757308,-0.917549796725164,-0.49141402317742744
ZjqzxDOF,-0.6915249398125631,0.18053091151100303,0.3995690510530369,1.3240460595590566,0.30943465241055834
ZsZ5aDpq,1.0628895247050316,-0.9488211102729129,0.1013716708789491,0.5250573029920151,0.05376659837177952
ZtyqE7If,-0.17118132476685943,-1.198483588025194,-0.16775822926707745,0.0456825409864241,-0.32746188889747485
ZvUgz01f,-1.4030948538918544,1.1441610672150981,0.15559837381600689,0.6257968302797299,-0.3962515279479396
ZwrhgdQV,0.680980756683983,-0.7209444686763182,0.2017324052942388,1.3179323559895029,0.5470788721643055
a7bhJGBU,0.3338255537607786,-0.509944955825542,0.09853830873952235,1.584234011939704,1.7530285426416718
aHpv6KzP,0.9074302764404258,-0.5536680360436568,0.1676078235127409,2.333020807055324,2.820968148850383
aINzEBVN,0.05785050056441676,-1.0180733693190651,-0.4250065338863021,-0.6968564454248944,-0.33611542862696864
aP9EtTGF,-0.4073885315558634,-0.7026065170543025,0.015084103427840334,2.161477999950809,2.625213390256007
aV6EhtSL,-0.5581018592975049,-0.1721729767788493,-0.14368918505739542,-0.5272302298799996,-0.5251939067623118
aVZsXKoH,-0.507198954739362,-0.7437111462230879,0.12739687767860802,1.8462327027277088,1.7267109128258504
aYVnVJvc,0.6754310931657876,-1.2475637428980482,0.12130892248863917,0.7002959377115776,-0.2228409045326464
abCzN1zx,0.7562041167582159,-1.0699816217314966,-0.5897967262367398,-1.6768658222602635,-0.4566211240101131
ae7sMiB4,-0.1483221315804819,0.18494729028779872,0.008808168393658222,-0.04606430053679378,-0.11842563368760808
afsVuCGV,-0.09498243845565568,-0.4668796268582828,-0.11569499470989625,-0.27492074204617256,-0.6091794348165115
aiwBQETI,-0.10345571755693683,-1.0766232405695992,-0.08022529374558302,0.5325611995275967,-0.0637832110871989
aiyli4EI,1.1345972031722233,-0.38331114671418803,0.6200610171267602,1.4767769202973586,2.012239226089363
apJ7NmzD,-0.051542475763891815,-0.6000985381569099,0.2599705865941235,2.0449068150548344,2.1162965010064307
atVjNMtQ,1.8124271015383222,-1.4325170343571718,-0.5135672379988261,-0.9303518151603594,-0.3940873514795987
b5GirVGV,-0.9323524919239041,0.4648183089585454,-0.2743147305675518,-0.06711832950584085,-0.4135810779537371
b9SpMjNB,-0.2884447842700517,0.8734025029608328,0.09836231630059616,0.1354744957022167,-0.24447318211174776
bAFs37yy,-1.0336517414634834,1.1558871987748243,-0.19697177736749266,-0.34354965154859474,-0.4458068060073549
bDia1hHV,0.03642325797021684,-0.9070843675816851,-0.1330810005395176,-0.023225851725849678,-0.39631491254364504
bFkv5Mtr,0.5285176627028143,-0.5237960011822016,0.22447597125663948,-0.00047099566888664235,-0.323730419726204
bHe2IXgA,2.0735825051767627,-1.1083925858414678,-0.3576691405383042,-1.6770043725101214,-0.31672572329786475
bWX3vUm5,0.23168055741665583,-1.1192671103423455,0.1277924150187903,0.5581113196173437,-0.11664870990695478
bat8tcGs,0.026665551949680122,-1.401909948883169,-0.2779523951419503,-0.30834489900923745,-0.25145637886886674
bfjej4wu,-0.4715861168033477,-1.1347972234822483,0.058167957958845606,-1.2682814474845354,-0.6922778012983747
bh04YDiP,0.0017395532276971437,-0.6154894840186917,-0.1958217556175566,-0.3232528746235157,-0.21791014455608662
c110Fdc8,-0.45039803681516943,-0.16038993866382228,-0.18914344098153718,0.04723527375056347,-0.27429867323213897
c32GUzMa,0.33948822306637183,1.030304811079848,0.1874526316621416,-1.8773477432747068,-0.9819730905017116
cT6uU0B0,-0.280482500336813,1.035219508388398,-0.20975430269983347,-1.1931694448881653,-0.5264564937340458
cWXCiFwh,-0.6965778598644299,-0.6712714934320976,-0.0961707755389068,-0.8672143037454798,-0.7925004998799215
ceNvS3yd,0.07675765843713478,-0.09406933188406769,-0.18825782229420268,-0.8765717219801654,-0.5064863350683174
cmwdt4Av,0.22648389000527303,-0.5217234933205892,0.1623375025360349,1.7479713830447754,1.5600094427070268
cn4EHsup,0.09755274011898862,-0.2758740611776848,-0.35599654311819334,-1.843370778472784,-0.5009253824444079
crVOGGTT,-0.7222925302333003,1.4071673337728934,0.038717007984574836,0.11066748831006135,-0.3106555496710973
csPEJ1E5,-0.5273733109893435,-0.28015791711200294,0.3166243250473019,-0.5676862094301878,-0.6765924970629987
d0UrRtMk,-0.3725114110484462,1.5563684365475619,-0.15364085925626908,-0.7232301391735045,-0.5514344896332807
d6LU4G4I,0.5615168316412458,-0.2147534005775033,-0.16436518371462056,-1.1347801257907786,-0.568209297628315
d74T1DVv,1.2030333389654864,-1.015304937692601,-0.24163048367291934,-0.9655816982322658,-0.5215869542128223
dR6rM1tQ,0.09398359365808417,-1.296585429298286,-0.2157109283534862,0.06244377875025475,-0.08979607117522961
dUNxOoqg,-0.20946297178944562,-1.0131046318778336,-0.09747159912241271,-1.1960425817495188,-0.6525013134680796
dUnlyhj7,-0.7386574426220811,-0.2746929020576336,-0.19393815283275556,0.8888671101528207,0.7309947730402507
dVDlnZQ6,0.06957653362950467,-1.4743745753202366,-0.32228996755385536,-1.1501827247103147,-0.3402183895730252
dVT26GDu,-0.5091822759293443,1.0369097696671796,-0.025385122779665592,-0.037239673784891236,-0.37948285409699223
de43ycXY,-0.9318596966334205,0.18507352875380817,0.4105372548788057,1.1110494870383054,0.18562530962775212
dfIn7m9z,-0.3183160883716134,-0.6162902245768256,-0.3603777306877998,-0.6462011812671544,-0.36466091825720126
dhmb9ZY9,0.7673225730820725,-0.925353491016178,0.032206704665428576,2.3617564386983547,3.118393306508309
dn8kCuyf,-0.18850425253846126,0.7343979824187026,-0.10531010636851873,-0.42962239449213757,-0.26925933001463476
dpcquvWW,-0.5950677121313781,0.1592376046399731,-0.08925146083698904,-0.25947041070214527,-0.5331507013145403
dqcbIMyr,-0.638322361189477,-0.06008850919365799,0.09503266056661802,-1.597737703100459,-0.8447476066828733
drWgsBf5,0.0490356908055567,-0.6769309974573863,0.00180056443422133,-0.20377903127571062,-0.4973092339435118
dytx0HSe,-0.8102784790173807,1.3731978567483092,-0.12318206512260416,-1.191092607026415,-0.7280093461652234
e4KkkIha,-0.5933844016297023,-0.650965138979611,0.24480331710582165,2.172485237160278,1.9218559284374657
e9YorH4m,-0.9939421505171246,0.4838114136306085,-0.2945636474969558,0.7821406934341912,-0.12243181447935628
eB9gVQ0R,-1.0135293161874976,1.5016909004492371,-0.0017751470748078035,0.4975362376871335,-0.6630074288462003
eMhLFqU6,-0.01982779548303526,0.34491634307673663,0.14146661165249158,-1.511362439380785,-0.9429638825688619
eMllg1qm,-0.40304532063897724,-0.41706703582590493,0.174468241431656,0.6641014684866395,0.44257682557530076
eNPunZ9i,0.6929260542872164,0.5704162761768183,0.3319895819649776,-1.650125091171797,-0.8908535892444581
eS5BSM4J,-0.5379510424204561,1.2773872973483302,-0.06401627836568308,-0.5098825850350959,-0.26219090670271383
eVGMFoOI,-0.894538667780818,0.5936991736817598,-0.16256086470913372,0.6543994031043685,-0.251680000945513
eaIwb3rG,-0.2778738169288424,1.5397991424605133,0.4329015818714072,0.8861520477855056,-0.48525564222769957
eyzw8Vis,-0.6742720777595075,1.5474222802036801,0.16780078485656874,-0.26363773929035506,-0.8072857170880218
f04Ke2bN,0.4264742104539785,0.01577611723482547,-0.10856844616502143,-0.9889307021638369,-0.19984829599685897
f4GA0te1,-0.8833179097562258,-0.2961954174776584,-0.2961623150893172,-0.449029184486174,-0.4254234247853367
f7bd91h5,-0.4791621064512235,1.117360253940067,-0.03853659264224346,-0.117526545457461,-0.27863574618187725
fB7z9ndr,-0.685224511150647,1.7424027977830046,0.38236275877010145,0.3811008809954519,-0.7467495796115747
fEe7AWFA,-0.01622452645484529,-0.9808577690954754,-0.14328767656549074,0.21638706021820053,-0.26597391445217566
fJJIbgY9,-0.5411895355625909,-0.4468122029687966,0.5047317164983145,1.46050537022568,0.6893741566720871
fQBURMvg,-0.5721928288499036,1.0734282498486645,0.021269202034533252,-0.009495942344367903,-0.37338393354436106
fS0HpOub,-0.6892592904157588,0.6308886885331939,-0.0071379893024766106,0.004477654460221858,-0.4401548884891474
fTDXauuk,-0.5162898447663444,-0.807542641519287,0.13876656116689107,1.580851438224433,0.31558445369976995
favPNA2N,0.8157300937145813,1.2089177640851612,0.455861851862652,-1.2337423266558953,-0.8566344148491828
g3Fv0U4k,0.6378712662687924,-0.665583009106651,-0.4565085815918462,-0.9512299134081086,-0.41805618925651855
g5PKo2E2,-0.16786025782472436,-1.0696211050223174,0.09948744624920097,1.5456696979357976,0.715606421257902
gbjnD5fe,-0.8585482680575858,0.3167509602782029,-0.45004221500950164,-0.9784689061492127,-0.34901265066152176
ge9zqXCv,0.7652708040879936,-0.9249816619641498,-0.3911020923349167,-0.536237098213699,-0.48952513913015194
geeqJpSE,-0.9028267951098421,0.5799206098618905,-0.22475154999302843,-0.1003171493237669,-0.4907227479282176
gqy1J2RS,-0.28065696332738455,-1.2526215366093785,0.1182612520890291,0.778319586270688,0.5788838357795919
grlUtS3H,0.7106203689534034,-0.9861578079702686,-0.21417469631707148,-0.2011697209823733,-0.22292868299770477
gx965KYj,0.2678503852591696,-0.20343087116443898,-0.098092550609648,0.04106736930582611,-0.13265688635398534
h3F08Vjm,-0.7897688314524309,0.7605736605742985,0.3072699479173355,0.22797509613922284,-0.6194524694785889
h6FQG8Iy,-0.8714544798306285,1.5939739672190607,0.2796918713965954,0.835648958343133,-0.4347366457752889
h7ftM8b3,-0.40618513018285896,-0.8914126133644478,0.27655778491951993,2.1316287072603943,1.8606985959256541
hLrCHXZv,0.17954454018034838,-1.089753938331025,0.08349572256678245,0.8767813551632362,0.010293239957476302
hQ6VBuFx,-0.7273524876020581,1.4921906399946219,0.11372023131205994,0.5141718702520184,-0.5897941107293866
hYoR2y7w,0.045450570220726405,-1.4085008764276628,-0.336888795834069,-0.5505849915621848,-0.34525317678505074
hf65yZkM,1.299518377399398,-0.7479151918222688,0.1001036050233654,0.6776496166129864,0.24036112026463682
hjuwe1x4,-0.43402847302901293,0.17775002509288057,-0.21896515767299546,-0.12526497255141567,-0.27485628360615577
hyINlsFR,0.019649191142196543,1.475606883127828,0.20404130531663783,-0.41406344668286965,-0.9173248769473196
i0Qlm9Bv,-0.5167209558483243,0.8841793797983863,0.10588490575990933,0.33748240741276914,0.04643813329879207
i1VxfxMb,-0.5344966860732363,1.1442005698716893,0.01728060525577918,0.12200906412492896,-0.11869995036092065
i2l6jXNP,-0.46638615924031157,-0.08826564212668203,-0.11616580588453301,-0.690167646793564,-0.45544244816461854
i4FgPZv7,-1.2272015598750947,1.4328357810396464,-0.0964693935059256,0.023709799500627016,-0.6142579237807843
i7XtIkSi,-0.20400691875557797,0.07782358447466137,-0.048086809925065366,-0.3200304670156793,-0.3060787732454321
i9z346Ut,0.8704202447386145,-0.14097009158754376,-0.15601446004917646,-0.9303319181943361,-0.13830104645309463
iDOat4cZ,-0.3976372387953795,-0.5345928622677112,0.33464309023382727,1.8967924288125932,2.0484976966028934
iNv6RoSO,0.09783070754314238,-0.17710615685032466,-0.10388109772385518,-0.39022217824101335,0.019597902189829014
iSL9NYzy,1.4760915036479112,-0.7296945833026276,-0.03137303002405473,2.136971476028454,3.407426477993553
iSqVc1r8,-0.707785142530394,0.19042440053531023,0.46996526521955845,0.9321713174889983,0.08182400730559833
iYZMftt6,-0.38599248411197706,-0.9856290018487035,-0.2179996615084417,-0.2515941497873182,-0.6604460312808135
ieTPaa3c,-0.051378483017071375,-0.19194605035991302,-0.25567854640759263,-0.936177979293755,-0.3583508799377034
if7BmzU0,-0.9149651476095748,0.6818864440716406,-0.08533361265268807,-0.25946068760488106,-0.45692774767736977
ihNz5bmx,-0.2298831298369457,-0.739583200464178,-0.1696619560880333,-0.2350701704807061,-0.3211635571085628
ikJXKdIN,-0.47418515836171693,0.5175155126627013,-0.35068646165451695,-0.6768176668870847,-0.39697029397963546
iq2kxikN,0.014243843351085417,-1.2880927181376156,-0.12744860876956748,0.19472224190297038,-0.23269707327723724
iuZEDJK7,-0.9333032709826163,0.5675573788390447,-0.14733861602736736,-0.3134915374733491,-0.5692952744582419
iyF8gVT7,-0.9177674474624489,1.6006268870779403,0.09764435907890062,0.08431004483661764,-0.8398614290065473
j06qdQ0V,-0.31909541271535247,0.13373486528925965,-0.11807890824208128,0.0031756542363627904,-0.48532654378256324
j7hl8svO,-0.2352148438451529,-0.8670416290809972,-0.3877185358742406,-0.21545715733857196,-0.4048719888553626
j8hMoJUN,-0.34175917588960303,-0.2429672640565987,-0.45355276747319634,-0.9276861182293696,-0.3619924013135153
jNaFasbV,0.12659656608615322,-1.0105694181537748,-0.30008210288543863,-0.9456075930571142,-0.5776310253234135
jVVHeYHT,-0.6012983364059998,0.8183236001549157,0.08718488184375589,0.2441014420380061,-0.4440106231256925
jXm4ySvK,-0.4865320414887826,0.6071727248205188,-0.05823058577449386,-0.08600706339309272,-0.39382518056642424
juO5ii5l,-0.5874664259804483,0.49271477668921576,0.07533852199547825,0.30264630943377324,-0.06660918345348024
k2hdEBsU,-0.537820503570412,1.2929913954324983,-0.13076994607832942,-0.721844861719158,-0.41820938917295847
k3ynMfhN,-0.40748322433320183,0.20929019960690126,0.03938746893548911,0.976857313774578,0.5703740613759999
k9C9yBtr,0.39477827481595185,-1.143958720083585,0.08053270782669303,0.7635089789225067,0.021842622018297092
kAKRvcRo,0.22669873327298617,-1.5055825982953157,-0.4262435382404544,-0.6479596764462012,-0.48968343046296126
kBi3R2oC,-0.5320214724877239,-0.018784231209248936,-0.06727970856901605,-0.006078994968286677,-0.1398896120383745
kDWmnsXe,-0.773239367918233,-0.09291312911855315,-0.16673743835805338,0.42923419584024214,-0.12550715895146483
kSGBd2Vh,-0.8731940471548221,0.5119754091600479,-0.0854974742358206,-0.22981575837736545,-0.3689207139493794
kT0miHPT,-0.8517237088503968,0.03495628362097519,-0.15704000643519406,-0.161903724222223,-0.37058006703297564
kaW0TfRn,-0.8314921585963582,-0.16043334526639413,-0.41404850272171073,-0.6083141009403998,-0.4931198849597115
kmg3SowO,0.8871205031277789,-0.41719999458737406,-0.31631877223368404,-1.3051796727120955,-0.4005173103153231
kpxKSlnF,0.07982913587578722,-0.09308354006807534,0.20828010370063227,1.6487472015157227,2.5220944152786013
ku2cn1MV,0.03826551291398417,0.4070521618524235,0.053676808011902055,1.8578326621570131,0.6382840921730656
l1su5HU9,-0.5110307640991429,0.781932494650935,0.03864275387194199,-0.1764642765984472,-0.3683150240888301
l8Tg2RvD,-0.4362789704512231,0.9022094796469882,0.27526332308956286,0.710459275845712,-0.4450084253096668
lB6NsVOc,-0.6840394421110538,0.627297260064186,-0.2944620593887191,-0.1219970441291689,-0.30500313918970845
lEcdVyKk,-0.5113051735822971,0.9588037007291386,0.036868875002925294,-0.5712862453345433,-0.6393599986408992
lH4TasGl,-0.5460494970736924,-0.6668931984185311,0.009767831425039064,1.2486184710355037,0.014573222984594153
lO9aggHW,0.5760266072779707,-0.12000385204751368,0.0074923460335742376,-0.09172262590625269,-0.1242638707920071
lW3m9Vzu,-0.4096355551175854,-0.053986301437273176,-0.08824419784470022,-0.3198575556633141,-0.48906850741310903
lYLseGDP,-0.5052921568865365,0.4073280694943587,-0.33400025011770934,0.4566239488439596,0.433706616508274
lcOnCdZi,-0.7230299188470433,-0.49826359970520756,0.07624763272359475,0.9842984051201047,-0.11521439345394016
le9YGwON,-0.30063187991096285,0.31700342607164017,0.061889308502928786,0.3882517443347997,-0.09011881121911416
llMvu3TX,-0.9399549953595958,-0.41026452274368425,0.04473100847688899,1.9338922967864864,2.531038243467932
lnHh2jFO,-0.8449846993992303,0.432831070411883,0.387363269494914,1.2132384854366383,0.09280076596336015
m07CVXd4,-1.3799746902243548,2.012816750239925,0.3055009741133165,0.6561802601442441,-0.7737469050359925
m1lPk91z,-0.4290615389850352,1.0893843269448988,-0.10624755562368021,0.15670991341874196,-0.2404570386056696
m9IQdmwa,-0.736925887700874,0.6870425275595589,-0.17345947153059,-0.11883590720283155,-0.3369596950458492
mG9BRy5x,-0.15480801942727496,0.4732172634995531,0.23776698648997469,-0.7828753184026691,-0.6105153725643652
mVHXnama,0.09465525421932242,-0.9524201809962525,-0.3702837836851938,-0.7062263605258277,-0.2482070925205028
mXyrR6nU,-0.17572837693547783,1.1724897830759782,0.0819293074275595,-0.7787620715578878,-0.41634026322823614
mbzNdxNc,0.3672880977141979,-0.6408681936210561,-0.13187075247243568,-0.21471014710875624,-0.3863497675172459
mntH7g3L,-0.9037473779844838,0.5396038516263142,0.40043069099213996,0.8495954501142269,0.03422233549575479
msRTXP3H,-0.29961712722025524,0.27215844749261847,0.013055573764164607,0.027882551688823698,-0.20070103741342452
mxBjvIPR,-0.7683757910031197,0.5425631293299811,-0.06356348018404218,-0.1557710215700563,-0.5611424985338692
n8Opmfbz,-0.5763553133754264,-0.24663488925412097,0.1488645673573376,2.3432735806163025,1.5078648400901635
nOkgU29Q,-0.33182650934214664,-1.2838836057971112,0.04208763432755974,-1.2703975490192743,-0.5492348252276008
nhttf7VM,-0.23691523959338312,0.41023281617944846,0.18770068428897163,0.7609291510884095,0.07808246738817046
njLbXYa3,-0.7968071591888126,-0.48959108218391706,-0.2531131461382881,-0.21774044264845815,-0.5674422852005284
nwkIpzmh,-0.3848967772246503,0.12737322663392475,-0.00896454232066729,0.9956670209959857,0.5456886525205243
nzB1R9Zg,-0.8010974081360125,0.20569196338064827,0.1652402710937952,0.9947112577792059,0.08243191976065076
o1rZRI84,-1.1709614257758965,-0.3800515675815423,-0.30239598077470303,-0.4652113874170236,-0.7560975708154422
o7q5Mbty,0.07921929217603818,-1.1574728863874062,-0.1314652452233656,0.05518606414914484,-0.23268397860717074
oCBvysqB,-0.7992452324672392,-0.5060960864774662,-0.19820299017875526,-0.6737903988501539,-0.9496114997166535
oDmycTPH,-0.6421867436172413,0.9524952353704956,-0.34965948531409025,-0.39381611013534257,-0.3845113801669561
oFAXZvQv,-0.6066951227892439,-0.36064906178026107,0.1885119989149064,-0.5861410083721903,-0.5929477139213907
oHE3M1zX,0.9644212273749311,-0.31166173938904834,0.19135568488285232,-0.05670521870212997,-0.28769863302774523
oMhVmSpV,-0.9531415644980932,-0.8973599256452436,-0.14323343309344067,-0.888043412154796,-0.8548278883561272
oNsDqVbi,-0.4736513569639662,-0.17181139330878253,0.5165024249895271,1.3872900717519105,0.3593838753661055
oYAJqQk8,-0.7445894719369441,0.4091021203108521,-0.5153199069038816,-0.30728579986596105,-0.38235232758303594
ob5Kb6dW,-0.5050611352267076,1.2670442918086773,-0.02589115930756064,-0.7715456457447754,-0.5905358461048001
obnzqs79,-0.19390621465937485,-0.25414672205047467,-0.4328971240311273,-0.7014171367514546,-0.4780912981757558
oncLcgRP,-0.06259122686197927,-0.5056464335526945,-0.22018565594431833,-0.47042929645096865,-0.2304949390661625
ooWVYaAe,0.6534372774196875,-1.5028538887776468,-0.21079669989582156,-1.3431209852165675,-0.3844990025215941
osdyOUnV,0.38044251747986735,0.1829633005291707,0.37690269885091426,-1.6058238948820172,-0.7957998006220498
p7H9CzCv,-0.2357561328701756,-0.7991620249908029,0.07907679059029421,-1.7864954929562582,-0.7778259175786536
p7U9hVhY,-0.4677983286103533,0.18408517798329554,0.010580598860302659,-0.46076142013459775,-0.39414270908970706
pE6Cf1RV,-0.823560693041383,1.0573754551263372,0.22015812594098522,0.3833598379084624,-0.548046536572898
pI7qzotI,0.4440461597657652,-1.053470128048186,0.12817069732430925,0.13544581709941395,-0.318636857895641
pJrIA4sk,-0.7417590716265856,-0.2305895895848626,-0.3024966842501851,-0.25185919724010364,-0.4608528468013594
pXne2CLZ,1.038785026557651,-1.5191243600569597,-0.6560368444993525,-0.07057475311382677,-0.470499441318467
pZMcDIOS,-0.9448955451218914,0.8033708405933775,-0.2434960720595552,-0.21713947662108057,-0.3492007326897385
pavfp3cc,-0.01636642858080606,-0.7888925296521412,-0.1327525070660283,0.5409434255383776,0.22297852476752608
pbQdC5L3,-0.5366613732517287,0.3068925196988384,-0.38818909770499316,-0.24761374692236404,-0.6021959502836728
pgj7aAFP,-0.29640398131165213,0.10488635736109969,-0.20122316163498338,-0.4068126243583474,-0.3658750582005871
pxg8G3ed,-0.6341358775855603,1.6126503581743672,0.05028237450481926,-0.32173300497044965,-1.0390977010136033
q36Npk6l,-0.5291737226557522,0.9897852782076806,-0.49062345856692785,-0.637303975355574,-0.707312707770385
q4aDOVvq,0.4485084654866007,-1.2560390417537766,0.16911231613492989,1.0102012281942525,0.6702914490895034
qGmfR9CN,0.3266891666735212,-0.8293736853362608,0.16650546479375977,-0.8959713489928827,-0.5071262697895383
qJ51ODpA,0.8784592878832775,-0.18542169083334742,-0.25137405665760865,-1.3253177155796247,-0.2512791130532298
qQX3cs3I,-0.8654744562213743,0.49865832148939077,-0.0554675777571117,0.4624177939016836,-0.231959499875544
qXeIxPb8,-0.40203742497034156,0.7406487314529822,0.07087947457010729,-0.22387722910145658,-0.39096551903982457
qYQ4MShM,0.5089974132606478,-1.107027590311329,-0.11911521257299112,0.11745085611044215,0.15835415110153347
qa0etnhK,0.4520886253389911,-0.7142147110204424,-0.15929524607260076,-0.010336407853922536,-0.14118004964508715
qbL4sboq,-0.5394949989490776,0.8620129952747428,-0.24368507817508883,-0.42891191790824723,-0.7702365992197576
qbYrsWHq,-0.17235609940031438,-0.17571624540405723,0.46608635434789564,1.9319827433188739,0.6320231538463611
r1zmcUqQ,-1.0064580995895192,-0.6824146116163339,0.008099380522240851,0.937494239725017,0.42701095060077365
r54iHeQC,-0.6615556990443672,0.4639522267703778,-0.06814303275429096,-0.14844847558544916,-0.26846895164887086
r6xrAnQV,-0.26135849908179054,0.13047835460574603,0.05949938024535756,2.3045928269104268,3.394422265706211
r9HxnQDg,0.01619356558102325,0.654640204928999,-0.027916729739912383,0.3966251833989436,-0.0804545772559925
rG8Puuf9,0.32136170839088507,-0.7815180151891601,0.283095711291013,1.218673294787256,0.8149155346534224
rGuiefuR,-0.17045584338871933,-1.249640906868901,-0.290548895921587,-0.39458950514206026,-0.28430988983770134
rJ19OhGP,-0.4370116385700946,1.4985742257848396,0.059973931452292406,-0.430629626243056,-0.629888285096755
rOCYepHd,-0.6270616687331874,0.2895977405815738,-0.18910744856635914,0.6915289309892405,0.1903469187443386
rQJaOPFI,-0.704484060719107,0.05550480149540632,-0.10562225703576017,0.47754292053575864,0.0763201537920247
rQhZtZeh,-0.8960298653430634,1.2242338061515492,0.19045439019667926,0.6060507983510679,-0.267883138758649
rapmok0w,0.5512155983810665,-0.08401037256671956,-0.34913830181973365,-1.9725609143711818,-0.46671698746855894
rgzfnPVu,-0.6969121298591396,0.6365417617435905,-0.022318255866606462,0.6107543735649206,-0.33888808831740447
ri4qhb1S,-0.42014214987831267,0.6963169864628507,-0.11978505226603714,-0.7233604560756912,-0.4556852112898616
rqpFYzff,-0.8051791436266846,0.5215662498115743,0.17014992675784585,-0.7783755022981704,-0.7744229702721134
rrs22coX,-0.21684380031048178,1.0284435878075764,0.3399725104445554,0.2747346963539503,-0.482986998798666
sEeUCQLc,-0.38295100303185947,0.654832965258809,0.0041632004201676565,-0.8095804828975115,-0.6833549252016985
sHScwqQl,-1.1555604210796098,2.0047663347528197,0.017882758967049328,0.16479162576381623,-0.7386746451827696
sNC7DiAt,-0.5507204758801088,1.0913978154077066,-0.18091646866743188,-0.2036010149570966,-0.6509920405740252
sNK2TSs3,-0.31349674357035084,1.1507011090139694,0.35205369685808025,0.49278497326911475,-0.4700490444954687
sO7Su6uw,-0.29768351332769427,-0.03942717820032343,-0.17882801726228875,-2.065538080363761,-0.8199731576549004
sOWZx89o,-0.967365093932596,0.5111377551937475,-0.2889458656889144,-1.1882584433006496,-0.7118445467988442
sPbRcPjC,0.20385237429649194,-1.0516604426810792,0.039643272310501076,0.48953054248606986,-0.008923283669688559
scVUfTKI,1.7914043052953623,-1.3745576416276,0.4597491407725886,0.3921837188997206,0.3461331849928081
seRaGeVv,-0.22506929038491919,0.8837322398677296,0.15609954782142837,-0.14603143861411172,-0.38478484602161755
sgtwiYWi,0.235100922256823,-0.8082690672603368,-0.5676294445475047,-1.4024411461219397,-0.38310903897333104
sjmLHcT6,-0.3572559833467146,0.053640642058187915,-0.22660013683004193,-0.38044310398738435,-0.33334804084212577
skZUZZGS,-0.7075266870374541,0.5954415399326971,-0.12368378677684971,-0.035344975449855154,-0.6284042693682897
suAmzADX,1.7995714146279518,-1.06386641644249,-0.5654490806628143,-0.8208455383886057,-0.3455936779462411
t4GWLqlO,-0.402622105037846,-0.39088798730690727,-0.19158845012999676,0.8592411415144643,0.7569130458925736
t7gy6Jyy,-1.4461328381396577,0.0844069268638104,-0.18363472233796868,0.9334822165189298,0.3172397493183178
tBadzH60,-0.2508138354087457,-0.4005950897013936,0.21524573390273533,2.1654218973198356,2.1467883378734167
tXUWm0hp,0.5826196370614873,-0.829679089241292,-0.17569755693967976,-0.3208982037829837,-0.17870761393739146
te6UPPxf,-0.6480654819902263,-0.9733567416830302,-0.04438360161181093,-0.523861581524282,-0.9101242969307043
ti2lamkL,-0.238330912417279,0.16367045492242865,-0.11303771505346388,0.6507340549864484,0.26825378193119265
tr0lpwuU,2.1426544781445394,-1.5413681498502247,-0.5384726686643386,-0.5712161063502872,-0.13719121187411135
ttdB5C73,0.00011170769561275051,0.7093871450821079,0.05876543892735414,-0.1581222250602632,-0.2294825743090462
twS8YZu9,-1.052998345435082,-0.021657457741095676,-0.3621766563615108,-0.6623434983758425,-0.5149067658260412
tx68W34H,0.5689604901740388,-0.8069806275983884,-0.1299890190825988,-0.984778502891525,-0.5007360753431987
tyQSX4mY,-0.7752408172784833,0.6173066456159158,-0.23388994953098857,0.2105813409040611,-0.2975053932366484
tylKCRc0,-0.6000648562083022,0.4328652607428903,-0.07686538125973469,0.19283690242803186,-0.38762311571169106
u1544WUo,-0.22674950525539472,0.6824640137298028,-0.24184106358826624,-1.1610947410498038,-0.42642402138041346
uAw9an0d,-0.370966741929589,-0.10925188342971709,-0.02950569410724141,0.543405076147953,0.2718314280034372
uLZAEXMG,-0.03641844141544581,-0.7479664176188654,0.18602583874461404,2.1733197793573042,2.348077654760558
uMwe1s7I,0.8168974935367608,-1.2287147486603336,-0.5457341574358576,-0.058500961520460804,-0.734151870393149
ufhGeV3q,-0.5852794491506863,0.22712559313467678,-0.08789632469894398,-0.10333102095894264,-0.5246432721117037
uhAeGBHo,-0.49470036131084427,-0.9056927178611678,-0.0383630373271569,-2.0441007326190386,-0.851499237150407
ujHNlqpw,-0.2565824417513447,-0.6726624437532356,0.42804614395298474,1.4705822293785122,1.1580385693598452
ulV6kuhB,-0.6628220626828458,0.5128226480779612,0.053182173846367975,0.10317820787570509,-0.22558494841202106
uohEnNEK,0.7580194569679755,-1.3813507056790078,-0.3489402366021875,-0.8153346810252724,-0.5112960961498777
v1lhA8I4,-1.0852796739550392,1.4225654134212145,0.07106356938310116,0.5024798739211083,-0.32458555298559644
v3JzigLI,-0.5665100079224992,0.6863868983615229,-0.552912891245354,-0.34832872914268864,-0.7730240500759612
v5IwjyIg,-0.863905950604714,-0.7765361795894952,-0.28849628348053896,-0.3400326183262432,-0.6593396370087851
v6lp5TK1,-0.6732135063171079,1.242086879006454,-0.10208534677259534,0.14530946273514656,-0.21847534893073886
v8vOaaWq,0.5097527610841901,0.0406600771217181,-0.27691724462853357,-1.4430892488572435,-0.3107630116690109
vAYKtoil,-0.6102398763016588,-0.8378707545802191,-0.35817367455639554,-0.657432431653272,-0.6576548913419776
vGTNQa6G,0.3773704597954186,-0.3031999873095647,0.16571495707920464,1.886100530286446,3.105112531334029
vQzNxHoL,-0.6760497191164738,-0.9822561632853668,-0.3002794595963803,-0.8228957351755735,-0.9119617523731597
vfZGBUJm,-0.3346606377456389,-0.3679436781511886,0.017317075684092076,0.25958619953342077,-0.44235081847115565
vlooVUoT,0.2249314471362034,-1.0115582129016294,0.22782987067624733,-1.2187766824193413,-0.48381295529840485
vrACvd4O,-0.5682749098243782,-0.5917417936460898,-0.0547576331921516,0.04362901866118318,-0.5253780004488965
w8hdjLwb,-0.5081390451018812,1.026943732492189,0.06642389835404744,0.1004923832899085,-0.26897389913598657
wAntv4gH,-0.5710166307133129,0.5005802634205774,0.46793913202280807,1.5223325718445058,0.11013961354159049
wIUL09q0,-0.3630479383600793,0.19071224786612034,-0.38179981633426335,-0.7472116636354922,-0.5991387304645889
wOzx7Fgz,-0.801026087862521,-0.09004906951249908,-0.2170952544543195,0.0034970936114195883,-0.5891622727470042
wPhjhCJQ,-0.426836140663692,1.3824327002665522,0.025253202893269433,-0.49088460593481886,-0.46448206629772015
wQSWWmYB,-0.18893219008374373,0.7000416804815794,-0.05981968929792286,-0.6819656724545193,-0.32024535810184374
wdIMrXwy,-0.7145579504151662,-0.4159220875732463,0.22852405515048874,1.9728131091662153,2.1156378428001825
wiL9npQc,-0.8247183910098208,0.3909211807273077,-0.09672510869155643,-0.8207710363709093,-0.6072125946027574
wnU95Cxn,-0.827135548318676,-0.8086008350241192,0.23893368421748734,2.5319319233712365,1.978178581392725
wpJbbjJs,-0.33110410601626583,0.2812285244845934,0.08630929714876062,0.7073905894675836,0.09098472694652968
wsOWTAbI,0.9144269409816737,-0.8826639189213912,0.13771841138781044,1.4799292738179493,0.8701757922706145
wtdBcU3U,-0.5038296884608933,0.31654057750492753,-0.2546051559022669,0.11384968738359658,-0.6150111641984642
wuKXVxOc,-0.47031632463291473,0.9184513173266604,-0.04753021350144421,-1.6985412623037728,-0.8436397146340516
wyzadAt8,-0.7864843877278069,1.2884719441168253,-0.36587187711144337,-1.2381252105506728,-0.496888017165262
wzaKzYwi,-1.4822410248512021,0.31318628343442284,0.006887772809692494,0.8476833198177947,-0.1758642147303965
x6GCk4EV,-0.8637631899587284,0.4156902644975598,0.002022024657422905,-0.02593853464584117,-0.34401371122500335
x6lUi3vf,0.46915043698867365,-1.2046502013980918,-0.02991006231583354,0.23222804648087458,0.04533307758741442
x8mwDHv9,-0.44183309266191984,0.07746903741585626,0.010339309022798504,0.039621614579279596,-0.367643017781362
xIYm6puH,0.2925721653989406,-0.9796404327443289,0.23615616830237401,0.12798825868678887,0.24323274958645355
xO6UdpsK,-0.7157668115505764,-1.2623005560184557,0.0673245871139318,0.15709506976252396,0.24597884212765506
xQ2bkOvj,0.3696197256674516,-1.6600345049716017,-0.8940679815614327,0.08541927832759666,-0.5693836576445085
xeXyDCEQ,0.910352324345002,-0.8703194541980357,0.08930723361662446,2.0156499416056493,2.474747057992985
xrggHziO,-0.4067390529769561,0.1444991575236581,-0.12650303093120213,-0.044818474442147815,-0.17898394743475934
y1WMCmqQ,-0.6806179861694197,0.2736750248887783,-0.31171749433066337,-0.4487470746476656,-0.4891580546584612
yDngezhM,-0.2464333600123716,-0.43262924124283203,-0.4513787628375337,-0.47615897073462565,-0.29873103722344807
yLiFjMD0,-0.891965807158396,1.3666117469784675,-0.01392193797825142,0.07743647054910707,-0.44684780573085503
ySwEBO7w,-0.361240452349886,-0.8640681627624891,0.023248723503899116,-0.5095896504927377,-0.7780338948966948
ydC9UsSm,1.177262010950006,-0.06612660921055252,-0.23444582207595316,-1.7514480119114733,-0.369444838652513
ydEG4VBd,-0.05775309483830071,0.7973635671206447,-0.00028168988593618716,-0.8943736071401627,-0.3870257423239002
yf76yWXc,-0.7705806482411042,0.04700724832091324,0.40764159562557895,0.8201536659511721,-0.14030405761538192
yg70e63n,-0.2876332748419479,0.1947630482849017,-0.12801201273124546,-0.4664567573830236,-0.34697775063229186
ywxtlSKv,-1.0107833059416969,-0.16992443987046685,-0.35029544885402514,-0.48678322964867493,-0.593831595010912
yzKPQPOR,0.13624518959362675,-1.4199185957581013,-0.6770093967291029,0.250562333956329,-0.7705585989249505
z5cnOnZ1,-0.47772675591296476,-0.738448079891352,-0.27659492320414186,-0.28542031716922156,-0.5312039211560352
zFLkOE0e,0.4821914834631009,-1.1516176298574938,0.12679845496244185,1.024745343059455,0.226947472809328
zGi72mxL,-0.047955393150243,-1.160370207054395,-0.3506835707312473,-0.4079916471496954,-0.5725593867439477
zN925UV3,0.009902570915972575,-0.8146003645880702,0.2118638677470574,-1.1146415486014785,-0.61401859519107
zTy2ih7e,-0.6248400600834536,0.9062942115777768,-0.11449336275474137,-1.3657960780809144,-0.9853681457596087
zVFzAutw,-0.4845955611724655,1.1481900251197639,0.09223198950961548,-0.09579384973433025,-0.3405515176502979
zYxNAkht,-0.5326859916651863,0.33939955845071196,-0.27559529715246184,-0.6634448559532966,-0.30329360717043186
zaWDBai3,-0.3692187085075709,1.614258044430333,0.3429057898492704,-0.3016859086247432,-0.8820570958748851
zg3u0Zsx,-0.02264711050339585,0.16368051447839022,0.005232110417397295,0.024262647103502788,-0.22870185946864355
zlwLfdsS,1.0215304039672795,-1.3451470187468677,-0.36089570046944003,-0.22829082098594244,-0.5621045437549276
zmbKzVfl,0.04855061950523876,0.11997121288400009,-0.08216145105303779,-1.9186481548857255,-0.7786008821765483
